"319 Keary St, New Westminster, BC V3L 3L2"
"1307-1309 Sixth Ave, New Westminster, V3M 2C3"
"1055 Duthie Ave, Burnaby, V5A 2R3"
"950 Howard Ave, Burnaby, V5B 3R6"
"3762 Thurston St, Burnaby, V5H 1H7"
"5450-5452 Forglen Dr, Burnaby, V5H 3K7"
"4334 Victory St, Burnaby, V5J 1R2"
"7710-7712 15th Ave, Burnaby, V3N 35K"
"424 North Kamloops Street, Vancouver, V5K 5A7"
"8110 Cartier Ave, Vancouver, V6P 4T5"
"648 East 61st Ave, Vancouver, V5X 2B9"
"3565 Vanness Ave, Vancouver, V5R 5B5"
"3567 Vaness Ave, Vancouver, V5R 5B5"
"2356 E Georgia St, Vancouver, V5L 2C2"
"2724 Graveley St, Vancouver, V5K 3J8"
"3597 Gladstone St, Vancouver, V5N 4Y8"
"3024 E 22nd Ave, Vancouver, V5M 2Y6"
"3402 Worthington Dr, Vancouver, V5M 3X2"
"5425 Gladstone St, Vancouver, V5P 4C7"
"7342 Sherbrooke St, Vancouver, V5X 4E4"
"463 East 51st Avenue, Vancouver, V5X 1C8"
"5794 Chester Street, Vancouver, V5W 3B5"
"555 West 22nd Avenue, Vancouver, V5Z 1Z3"
"2166 West 15th Ave, Vancouver, V6K 2Y5"
"2702 Rosemont Dr, Vancouver, V5S 2C5"
"287 E 33rd Ave, Vancouver, V5V 2Z7"
"2749 Wyat Pl, North Vancouver, BC V7H 1K5"
"1220 East 14th street, North Vancouver, V5T 2P3"
"3895 Phyllis Road, North Vancouver, V7K 2T7"
"10220 Granville Ave, Richmond, V6Y 1R4"
"7540 Acheson Rd, Richmond, V6Y 1M9"
"10120 Number 1 Rd, Richmond, V7E 1S2"
"10984 Springmont Gate, Richmond, V7E 1Y4"
"10420 Milford Dr, Richmond, V7A 4J7"
"10731 Number 5 Rd, Richmond, V7A 4E6"
"6151 Taseko Crescent, Richmond, V7C 2N4"
"4851 Francis Road, Richmond, V7C 4R5"
"2380 No. 4 Road, Richmond BC V6X 2L5"
"1796 W 15th , Vancouver"
"11171 2nd Ave, Richmond V7E 3K6"